id,conso_moyenne,conso_std,ratio_we_semaine,ratio_hiver_ete,prop_conso_nulle,cluster,label
476866365062,307.68133871336994,406.6692640370101,1.1626967994438717,1.2667629902837527,0.0010302197802197802,3,0
47000903308,383.46903617216117,408.91943634488024,1.0071636429772288,2.8443015687926505,0.0002861721611721612,7,0
980841892564,342.7860347985348,453.5913820598558,1.0345095311908834,3.041762436062209,0.0,10,0
917755392634,320.01984031593406,342.744112307791,1.0583781334891544,3.322580588898115,0.021462912087912088,4,0
834037955197,436.2861607142857,505.52221727330993,1.0562834612683276,3.5627128634225826,0.006124084249084249,2,0
763769451041,473.3123054029304,453.4832227130983,1.0396675473624821,5.617431667104304,0.01098901098901099,2,0
577295037933,327.3124027014652,453.6511766011575,1.0875028768526425,8.73700946726888,0.04252518315018315,1,1
45254376151,417.62010073260075,483.11831592975545,1.0424153476806914,4.598098129823385,0.00022893772893772894,2,0
225779963149,372.9546188186813,399.14017828491427,1.0632808856918725,5.187912147654124,0.0005151098901098901,10,0
581345917865,399.6382011217949,395.3165722717654,1.0330853743733899,2.6653727466775528,5.7234432234432234e-05,10,0
790099378712,313.85797561813183,307.17274441297593,1.0258148094355233,2.5670949548740736,0.0020604395604395605,0,1
258193317291,341.4194453983516,384.54364221548826,1.0052017567540847,6.055231006916524,0.080242673992674,1,1
625118767797,408.04958505036626,400.9017422836752,1.0378307344924005,1.6344696760491058,0.00022893772893772894,10,0
335501279223,386.95132211538464,476.938595610736,0.9909581073320277,1.4670810152892133,0.020833333333333332,10,0
523126220371,313.4791208791209,351.3350865868429,1.1434069977996453,0.588371845601737,0.004750457875457875,11,0
795586183228,282.885708562271,331.4047050026265,1.053498604390219,0.9857949352716757,0.06862408424908426,0,1
46801823032,309.6531736492674,328.1853117931956,1.095122332296003,2.376852458142485,5.7234432234432234e-05,4,0
478263149367,413.11239125457877,440.34565865862294,1.0399731290256249,2.3445890106619576,0.04389880952380952,10,0
506085899132,426.0609088827839,420.6339559874386,1.0721009176257703,5.6596014340557925,0.0,2,0
82748713708,341.37455070970697,340.236469732551,1.0079209487215823,1.545852068637825,0.022722069597069596,7,0
567178937487,325.66556490384613,399.01069559638466,1.1307182158381714,2.4348669290679896,0.0,3,0
139703386329,271.74607657967033,369.6505863404389,1.0677530855903876,2.0395672329296493,0.012934981684981684,4,0
665391033670,247.22779590201463,374.57157910847747,1.0008142241087272,1.7624190838116138,0.16288919413919414,8,1
755020396264,337.76959134615385,358.834071102574,1.066317759810658,2.504103126042026,0.0008012820512820513,4,0
185776285910,393.1020260989011,437.21574208994593,1.1170389330209045,0.7115578624743881,0.037545787545787544,3,0
198273847272,311.425294757326,434.5149622239201,1.016961290921649,1.7838851700034035,0.05305631868131868,7,0
562644483220,350.39679773351645,373.005396343093,1.0838472074898016,1.8614942592784063,0.00011446886446886447,4,0
39517918854,274.28900240384615,349.39921769073254,1.1127488529231406,0.7911402057140146,5.7234432234432234e-05,11,0
101738209253,333.92544642857143,369.6178395759722,1.0666834573815434,2.9696448578339063,0.07068452380952381,4,0
116071129180,444.3698088369963,437.55677884595764,1.0566016160334513,3.54339104518442,0.005666208791208791,2,0
937426679169,362.2249456272894,363.91024166332795,1.083313053798694,1.6361571345405403,0.00034340659340659343,4,0
882767203362,312.1270747481685,389.11710105066993,1.14174687748699,0.8767206785007459,0.0,3,0
696874601520,303.6204355540293,347.391753246346,0.9724657951240623,1.4061427611926598,0.0,7,0
943197120673,315.3774553571429,372.0571573548116,1.087035341781456,2.971763800942572,0.031421703296703296,4,0
688684495583,268.27881753663,345.6162931100817,1.0898556637281367,2.1716438265611373,0.001201923076923077,4,0
902339290190,289.87887190934066,329.7621233018085,1.0590230259325055,1.2529678988401836,0.00011446886446886447,0,1
990585347886,315.45691678113553,330.50175564311036,1.1770622549744396,1.195940703622754,0.04103708791208791,11,0
78370785431,394.05884844322344,423.52504271746216,1.048548284557339,1.2138814948575205,0.00017170329670329672,10,0
192632810845,294.3810868818681,325.6793923806211,1.1411029798645638,1.108385373231729,0.0,11,0
506217938614,443.50428685897435,488.48266674817074,1.0526134333688395,3.6703081618825837,0.035485347985347984,2,0
226823422818,420.9272378663004,395.2594790282606,1.0735913555982757,0.8522911451872112,0.0008012820512820513,10,0
653813339670,393.0185525412088,432.4583216875099,1.099900476732714,1.0121042621309588,0.0013163919413919415,10,0
802796690791,374.3736177884615,424.17994841860684,1.0990612583474493,2.065308931870466,0.0415521978021978,10,0
834683044992,299.6216288919414,398.38263692213326,1.1958540819695729,1.4521304289248511,0.026842948717948716,3,0
332054031196,394.12014079670325,443.72863259491163,1.0787034223635632,2.951882844985156,0.0,10,0
170517573134,314.29527243589746,392.6559132566505,0.9933747307435885,4.686817995723963,0.0008012820512820513,7,0
456068761143,430.0627747252747,431.04385954234414,1.027858707954509,3.521943103958244,0.027987637362637364,2,0
175475184338,291.8979996565934,380.1403554277223,1.1110286954327218,1.5994559826433492,0.0,4,0
103285643131,296.49852048992676,373.91587895336903,1.05697804737573,1.422386163009771,0.026556776556776556,4,0
472524819242,367.2164663461538,417.77605838819096,1.0518218667203643,2.9373548058325207,0.019116300366300368,10,0
106047725481,287.8370364010989,418.85586366604826,1.025402272441621,2.356217975478011,0.01179029304029304,7,0
161904472264,332.8496451465202,420.7194217994623,1.0686094236556931,3.7847006181808167,0.012992216117216118,10,0
685469876576,320.76694997710626,363.8761089310982,1.0641801370688042,2.9089602992489603,0.024095695970695972,4,0
941411934827,393.3357400412088,478.5289103063145,1.0811796307664325,5.288395113384731,0.0002861721611721612,2,0
237903600571,296.87835107600733,340.73613822131784,1.059559045883422,1.424973417750718,0.0016025641025641025,0,1
737799359531,327.18325892857143,414.5209397608435,1.0645997550932156,1.7421713805583297,0.015796703296703296,4,0
77770024112,256.32226991758245,312.27419796999897,1.0935247020645458,10.767138111122797,0.0,1,1
52261410280,292.872029532967,359.3130151882666,1.0722311721466555,2.646269718725481,0.0025183150183150185,4,0
312793831358,186.5725560897436,345.39703319068417,1.102467545440374,2.369010484556903,0.25978708791208793,6,1
673399951512,312.6023179945055,437.31515138257515,1.0429081395479192,4.518734264716813,0.03651556776556777,1,1
387497691601,346.9649410485348,373.2472841279278,1.0478414755544503,1.6200634219826355,0.009787087912087912,7,0
748861601578,344.2341517857143,389.76960376599,1.0974218282699544,2.3323723898817095,0.026614010989010988,4,0
683877419832,438.49842891483513,507.8317065816437,1.087143039215822,7.965465965228649,0.0,2,0
387341643327,239.3768086080586,350.9695730868654,1.0165440592769255,0.21944723081225812,0.057577838827838825,0,1
640926753755,284.41529590201463,355.06714653932875,1.053758125262328,0.5629443335040252,0.015167124542124542,0,1
265878946516,248.29142055860808,348.5509256223761,1.05818922447287,9.334126703510126,0.1402815934065934,1,1
839745214209,395.64537259615383,375.5580840858818,1.0081546606280483,1.873366814579529,0.0,7,0
967989340695,291.938627518315,324.27474440234903,1.0742638888830276,2.075032074439339,0.03411172161172161,0,1
441022273291,378.9832274496337,421.1341822732782,1.0147726776674997,3.447275414544825,0.007154304029304029,10,0
414075764853,314.4761704441392,371.9499297669292,1.0564140339683061,1.5378805325793206,0.0002861721611721612,4,0
906544934073,359.94771348443226,429.250227825263,1.0419448281610033,3.7395815746819743,0.0,10,0
906744822424,347.4333419184982,392.41527196826445,1.167070470904056,0.716393557194524,0.022092490842490844,3,0
461567416208,370.9964428800366,383.04733146982153,1.0516011617734395,10.889844804781056,0.05900869963369963,5,1
267204000760,395.46402243589745,393.26898822710234,1.0619036607570467,2.21443703250873,0.011160714285714286,10,0
485938576709,355.0811240842491,332.06168391262014,1.0667962634657433,1.7949792110229423,0.0,4,0
925667714699,200.66371050824176,293.54329660893154,1.132057453001885,0.41046850492105647,0.009329212454212454,11,0
237551162989,387.9812728937729,387.77629253335283,1.0713996494185534,3.538017613063953,0.011160714285714286,10,0
891887251888,342.31282623626373,367.2422718807285,1.1836942756650395,1.921035216769553,0.001488095238095238,3,0
751401165309,306.1096153846154,389.6279493442074,1.077156228891758,5.020559039512165,0.027300824175824176,1,1
419659356959,304.5022464514652,385.36756647178134,1.1030122746372304,2.2523191967317002,0.037603021978021976,4,0
273392248645,303.3987551510989,333.04035335525276,1.0752234321669936,1.345236196587678,0.04275412087912088,0,1
734296456453,305.87339171245424,403.2889236293126,1.0785501675613807,2.3425657304761356,0.14560439560439561,8,1
809821621799,406.69126888736264,421.6214341154909,1.0406559583927404,8.125470701363131,0.09861492673992674,1,1
374981009514,336.89644574175827,387.7648248189995,1.018585426513497,2.151657402086548,0.0,7,0
305539327970,373.6301282051282,416.9897808537641,1.0818211507748459,2.5106102148995126,0.030048076923076924,10,0
696919189849,289.8045215201465,348.57744887642076,1.0427830327696406,2.495921157655995,0.03588598901098901,0,1
16277393756,218.3988038003663,356.7795335362444,1.1732826568739994,1.4324078376940268,0.018372252747252748,11,0
969277393091,375.13221153846155,420.94460273158137,1.0158742957507123,3.587572287876979,0.0038347069597069595,10,0
478641134427,328.91073145604395,409.1892599352189,1.017887131384621,5.483509813706337,0.06187042124542125,1,1
75248356572,277.52821371336995,380.69659358521005,1.0826655117991804,2.3318204255959945,0.008642399267399268,4,0
506516425398,368.7570083562271,350.11411983888416,1.0623338340168944,1.5548061203388404,0.004922161172161172,7,0
554556763469,263.8931118360806,338.378978079303,1.1449434458419867,1.1111032403626058,0.034626831501831504,11,0
408934522382,320.9753062042124,354.73375246089427,1.1020138198881941,0.9364719915405815,0.0010874542124542125,4,0
747298632726,454.5358173076923,501.16679272361307,1.0380357164826084,4.330552649628999,5.7234432234432234e-05,2,0
498148724535,402.3230425824176,447.49599603319933,1.087754715217309,2.999893485958655,0.05946657509157509,10,0
325677659580,157.42394688644688,238.29594614934584,1.0121450126730662,1.673141802334374,0.2693452380952381,6,1
741808060517,345.29668898809524,370.7278662549956,1.0797525057360695,1.9084292053774967,0.03451236263736264,4,0
928974227119,484.33246050824175,445.55191013596874,1.0503718788724021,2.466698935123748,0.002174908424908425,2,0
888014193986,331.17137706043957,345.5511666822582,1.0250103159063613,1.880519658451878,0.00034340659340659343,7,0
589060066138,110.73314445970696,294.2644491241153,1.0062240460446559,0.05948934042848122,0.39016712454212454,6,1
642890962601,291.30145661630036,400.8006241722537,1.0824430173757302,2.2090850476547685,0.007326007326007326,4,0
655099517340,397.5963398580586,430.1389629436572,1.0631043539731486,1.0807537610038338,0.00022893772893772894,10,0
809181497950,398.3250143086081,455.01748598324417,1.0472585756433608,5.0092981014653795,0.020032051282051284,2,0
638319105726,383.395887706044,367.1780958823132,1.0688113974089821,1.8473736255997546,0.0011446886446886447,7,0
986913604470,309.6437528617216,415.72452861326775,1.074425502429601,5.947361964642448,0.1358745421245421,1,1
29372392582,452.1444024725275,428.82720621270715,1.0516040017414163,3.8803548474150085,0.00795558608058608,2,0
811097209910,289.9734403617216,399.1177634183183,1.008077887391463,2.759823211590471,0.19356684981684982,8,1
122036365448,423.0787688873626,405.3156983058554,1.080522513207559,5.641976642557684,0.0,2,0
454215309767,295.33789205586083,347.6127634358885,1.003306261845107,2.0534951946502056,0.00022893772893772894,7,0
550824816499,390.45210050366296,393.77935583444196,1.0639009757042468,2.1280899604787433,0.0038347069597069595,10,0
74780699711,301.20743475274725,347.121976995301,1.0822618629868015,0.9212523788216341,0.00017170329670329672,4,0
839265047606,406.5362122252747,445.3255079018151,1.0681008769893865,1.8572606513059025,5.7234432234432234e-05,10,0
708926547970,336.095106456044,420.25224456028724,1.065735821987058,3.567731679894378,0.01201923076923077,10,0
355681005154,375.77706043956044,372.4698336996508,1.1206865151986098,1.924314725888775,0.0006295787545787546,3,0
21164370115,151.2507869734432,236.20499111318517,1.0724160584652418,0.3841333820476181,0.0,0,1
306538840704,260.15987007783883,340.20141964029307,1.1561422563504795,0.9300965256717459,0.0,11,0
199087875388,297.50281307234434,408.2111522841264,1.119356599989421,2.170678690207735,0.0,3,0
650651954021,246.04064217032965,307.3275532489349,1.137723061740127,2.6818769474746706,0.012419871794871794,11,0
945903519039,287.9194167811355,368.50296515107044,1.1083883790336309,2.4980116222089594,0.030448717948717948,4,0
660232361383,417.40082989926736,448.75646019890945,1.1157219281367843,3.229424774017816,0.018372252747252748,10,0
339230169972,297.66946543040297,261.7798051372574,1.023426669206271,1.3006107057490146,0.0005151098901098901,0,1
731628519845,344.0296331272894,379.55186713321586,1.0667686248716926,7.53899393101261,0.0864812271062271,1,1
987169196171,360.4049221611721,374.27234214164474,1.0204901413375003,2.9874161736361327,0.060611263736263736,7,0
382987677293,318.8578926282051,386.78002167355356,1.1090265647362052,1.0230028321849491,0.053628663003663,4,0
42921722244,303.5380551739927,413.60786021309605,1.0925274511138863,1.6572661618310667,0.025183150183150184,4,0
229132370072,416.89185840201463,410.1945744914352,1.0707806648481943,3.7746883278725405,0.003663003663003663,10,0
649387263878,337.61260016025636,408.1357574548969,1.0366321943949075,5.1670292170928285,0.018772893772893772,1,1
356658965808,338.10233230311354,472.80633209833667,1.129108187628207,3.609814661051283,0.0,3,0
392040358493,378.5421302655677,536.6849812787316,1.0300490173695938,4.565552319415219,0.2950434981684982,8,1
11239534806,276.7127089056777,386.3736607372352,1.1506119125928398,4.798051190279521,0.0,3,0
982647579697,302.00147951007324,329.69948805450406,1.062848406679757,1.711754564805017,0.008871336996336996,0,1
507151334062,339.2873282967033,452.6466277625153,1.0821330108437444,5.088804279281139,0.00011446886446886447,10,0
389049510861,456.7563558836996,475.0255000970691,1.0311490514196944,6.559445669007121,0.005952380952380952,2,0
702601812075,276.4082760989011,360.28214292619595,1.1001431595267288,0.6275209858810219,0.23374542124542125,8,1
607944129448,344.8096726190476,459.889995001469,1.0958262095199436,3.8508525031194885,0.0,10,0
91723788182,373.2408653846154,369.35681553520743,1.095142414313599,1.8540314827339073,0.0,4,0
502355731300,376.3675022893773,396.41349530843775,1.1788386784360092,2.2107648209646644,0.0,3,0
206803924442,308.67109947344323,342.9215123910878,1.167740058395211,0.914132987851002,0.034913003663003664,11,0
31187055574,371.2187013507326,384.6261079751524,1.0181114305193693,3.4097473598718593,0.05774954212454213,7,0
818743231898,352.6135788690476,447.2025085450198,1.0669292450280696,3.381849245439139,0.031135531135531136,10,0
707528840314,381.0451293498169,422.40516236225966,1.0332401047613162,4.703502738178346,0.0,10,0
154047266662,321.68331043956044,372.06276632685353,1.053030580803434,0.7689063365899756,0.0,7,0
608939374827,412.9304429945055,389.5783850782305,1.0410773058589058,3.1143827570548366,0.03394001831501831,10,0
632662091867,281.6670902014652,357.0006590873426,1.0604584201024114,1.9868767737056223,0.00022893772893772894,4,0
770070819764,257.12673134157507,343.9177681938119,1.2010915725365772,1.4150378370226715,0.019688644688644688,11,0
642017876916,337.1712511446886,370.41303525685294,1.0685329639831866,1.365790515291697,0.018772893772893772,4,0
460219703544,388.40237522893773,438.6680394227157,1.042725030509532,3.223220888002873,0.0,10,0
527841270938,378.1200606684982,463.0621457838274,1.0388662207090917,3.4735369497892186,0.045844780219780217,2,0
336770480084,360.114408768315,445.4914767904237,1.2015339679357984,2.6318354368896455,0.0,3,0
252435761951,358.6481684981685,371.39585309382403,1.053421614296509,1.9499967747464,0.003205128205128205,7,0
502492346691,259.77249027014653,324.6874810605523,1.0542865659383251,1.2742648639646728,0.11658653846153846,0,1
210536163882,355.41974874084246,400.0696189270675,1.0304775870469252,3.03392305764591,0.007497710622710623,7,0
434085807778,331.73316735347987,366.33106298405886,1.0885717159601975,1.9289947071618092,0.0005723443223443224,4,0
234983477656,275.07735233516485,408.41407006436765,1.0731832043159648,5.16566476918422,0.0018887362637362637,1,1
572527507614,292.9031078296703,364.49000511417387,1.0759087186610747,1.4655377550142634,0.009271978021978022,4,0
149311246421,368.42672275641024,480.9627272757344,1.0807711069540433,3.8471935856446304,0.07806776556776557,2,0
515633380601,315.66650068681315,377.46771752359297,1.1048837883663023,2.6435205230516057,0.008871336996336996,4,0
519523043142,384.2378205128205,443.36055389878027,1.0087911445296422,8.321684351222773,0.0,2,0
907064487512,387.61502403846157,456.8099105607052,1.0667495480676394,5.4188299716675745,0.0,2,0
279909383494,430.6684867216117,414.5061218144804,1.030566068074272,3.637850593561196,0.001717032967032967,10,0
55364907425,356.209927312271,443.26436014265124,1.0403939456568223,15.643826744231367,0.08888507326007326,5,1
866253807498,293.4778674450549,334.8908646800352,1.0938044673892815,0.9233388339010905,0.0,4,0
150629884370,281.8717605311356,351.56545516185,1.0205761468370464,0.5947294731000453,0.0,0,1
935965648327,249.84941048534802,311.8460749080782,1.0035042193514823,0.863461811572122,5.7234432234432234e-05,0,1
389415431552,388.45350274725274,361.9066439693413,1.1141181993101443,2.163454560775552,0.0015453296703296703,4,0
788807531441,297.5688673305861,314.3865718258953,1.1341548621756812,0.6827646610458704,0.01230540293040293,11,0
474280641581,343.6674250228938,412.30606916449665,1.0214515961451966,2.8309912183132817,0.010073260073260074,7,0
445107976517,298.2460451007326,403.4947164661681,1.1306992428902223,0.8744538166244071,0.00011446886446886447,3,0
264209265655,266.0125829899267,401.8487186352273,1.058063641895726,0.7540808218386627,0.0,4,0
687614166407,313.8398637820513,360.8559087431085,1.0632407975826386,1.048889545594989,0.01842948717948718,4,0
509803096929,294.7709134615385,388.15909523702504,1.0989091357588352,1.3883140236578115,0.0,4,0
317178441494,320.57211824633697,388.4471257695514,1.1306119209341507,5.254924801000039,0.06049679487179487,3,0
813107284808,288.1759329212454,408.1339354976941,1.0669442119809935,3.2691831500169246,0.002174908424908425,4,0
173324578397,207.49649725274725,341.3642696595989,1.3019679017032342,1.284548178074473,0.0,9,0
119798639658,407.30970982142856,526.5224973416854,1.0395872673013222,10.516462877273135,0.018658424908424908,5,1
181519626651,376.6708247481685,468.15298505543404,1.139285039677603,3.630141140167997,0.02976190476190476,3,0
965351854183,440.7077867445055,376.08346789722566,1.0848637664739214,1.8831524369888752,0.0006868131868131869,10,0
996045911412,263.0249914148352,288.6606129512761,1.0714174888800454,2.5315747340614374,0.030334249084249084,0,1
425577291923,293.382915521978,404.12659271927754,1.0662766015807654,5.353675741934074,0.008127289377289378,1,1
991737052932,355.20365441849816,505.67692395160554,1.10640886442372,3.5374491563575554,0.27386675824175827,8,1
283149930567,418.3259558150183,471.1353131049306,1.1095337263965521,1.6691357418555215,0.005666208791208791,10,0
245844131190,293.8280505952381,360.11008390735356,0.9991313044948782,3.300958990346209,0.008070054945054946,7,0
268092752432,237.98110405219782,346.38354514977135,1.0059031804326435,3.729484031453454,0.02844551282051282,0,1
310552464401,339.80284741300363,399.3327553905874,1.1255217122294736,3.8210359979038975,0.02844551282051282,3,0
440547412552,279.2119934752747,353.6105260613607,1.0904039256514872,3.9018415940696323,0.0,4,0
817600743266,330.9793011675824,348.82769777774445,1.129861638721194,1.7694533385079672,0.0005723443223443224,4,0
10607320546,358.16724759615386,339.1167463929778,1.0486998009150996,1.2604885740138474,0.004407051282051282,7,0
207366513418,220.36865842490843,350.30807630580443,1.063987657771291,0.9347476329570887,0.013392857142857142,0,1
855010184258,319.1663318452381,359.62708122531507,1.0451140846265703,2.7305974165842546,0.012190934065934066,7,0
323483566337,348.39233058608056,403.80866253352394,1.0300208800278543,2.4639252833703287,0.0022893772893772895,7,0
532156016483,282.52659111721607,410.03235088676473,1.0657064596819426,1.5832880077210194,0.019402472527472528,4,0
6674572658,401.5468692765568,449.79076871119656,1.044049402217392,3.482973278001288,0.00589514652014652,2,0
941898944425,327.57616472069594,382.4043027517516,1.0411124640885103,0.8327484973990644,0.0025755494505494505,7,0
218855685418,259.58970638736264,321.6137469045689,1.1314892778607664,1.2709963361360839,0.007097069597069597,11,0
413439608173,358.814165521978,381.02054191053094,0.9971039565154791,3.7860659933759795,0.0032623626373626375,7,0
91900094744,290.2015396062271,390.8675777143174,1.1622162501634612,2.291325211814646,0.03943452380952381,3,0
747826355688,321.8842662545788,407.5795655223647,1.0663652937130657,3.310836201701172,0.024152930402930404,4,0
83653631972,351.77559237637365,429.2361365279357,1.048472644468802,2.44412803207207,0.0,10,0
934793460133,424.9462196657509,487.12540335300366,1.02589117844422,11.97951177758671,0.0009157509157509158,5,1
446950152221,358.5600188873627,340.2275560298067,1.1161148931822014,0.8392641085862248,0.006524725274725275,4,0
606977580459,310.9634329212454,350.95927951770716,1.0862249105324813,0.7362986775626565,0.001201923076923077,4,0
849368748547,309.4550910027472,433.670723402208,1.1519992594495878,2.306901677177229,0.0,3,0
871802217433,281.3372166895604,395.3368061547434,1.0466154310646552,2.736269995307868,0.002918956043956044,7,0
600628425457,327.2738238324176,412.39910667758784,1.0906111576466702,2.8802944086060402,0.0,4,0
57951029288,314.10965544871794,366.1826364069557,1.1579825149938658,0.6400103827043072,0.00034340659340659343,3,0
978337452097,413.0941964285714,429.7160168753413,1.0525723401142941,6.626549260303086,0.0010302197802197802,2,0
550439711039,419.1315562042124,409.07454636665886,1.0205186293912833,2.711570842939482,0.0,10,0
473623072737,322.10941220238095,401.61118966140276,1.0949519316626561,3.102409451929081,0.0,4,0
554934799498,305.10225503663,373.2212402600913,1.0926035575308317,3.8768169470046403,0.028788919413919412,4,0
257759555173,331.0965001144689,360.81757896849285,1.1604436926058503,1.1971445683449755,0.0,3,0
296204507771,383.8579470009157,459.5358667613246,1.0223307114758886,6.528813428040097,0.005666208791208791,2,0
521688376124,189.9889880952381,291.66213531074135,1.0799307285279198,1.8482096061456539,0.018315018315018316,0,1
31681490440,377.0335279304029,373.75019982132835,1.0871350544124783,2.5896089242722806,0.002461080586080586,4,0
979083556707,208.13883070054945,313.2575929463468,1.18383132928628,1.9201939018628709,0.0,11,0
82546700349,162.91077724358976,263.50854698215215,1.103654929767974,0.5651207603185672,0.2782165750915751,6,1
488284777027,321.8230168269231,348.31464784132106,1.0005114468707808,1.4431626115260852,0.02180631868131868,7,0
687491646215,431.264445970696,478.294940642932,1.0906567754795755,3.010202454778558,0.00034340659340659343,2,0
797323407130,193.64185554029305,286.3505586351444,1.104869778910918,1.411119843457185,0.016712454212454212,11,0
301496713818,274.4537860576923,304.6214133135549,1.0598812884227438,0.7512413719367498,0.025755494505494504,0,1
776276895631,393.70060668498166,348.4779852951897,1.0475513356374908,1.664454820733613,0.0030906593406593405,7,0
30130295457,344.0346869276557,528.6784979467733,1.226790161423992,8.777752273928092,0.01098901098901099,9,0
920962379035,317.6183608058608,366.2810287414622,1.142494408730763,1.3722272935045592,0.017742673992673992,3,0
102535568783,434.1661744505495,506.44771840886443,1.0643170169639775,6.906640080815357,0.10576923076923077,2,0
276947808397,225.02908940018315,303.76999136515724,1.0193243948826498,0.5783877036672579,0.03806089743589743,0,1
570165055314,388.33995249542124,407.6232102408111,1.0496805226862542,2.388212155435683,0.011733058608058608,10,0
461845599527,277.79693509615385,344.07249168493263,1.0531954705272963,2.279972799547187,0.0011446886446886447,0,1
445972407709,322.85132783882784,425.10638517750914,1.15765503280739,3.254975070658062,0.0033195970695970695,3,0
210476483019,433.67223271520146,413.5565785854828,1.0076039766438185,6.886238136454932,0.07211538461538461,2,0
713142020168,424.35272435897434,420.5644429688879,0.9965270342214283,4.254698728997758,0.0852220695970696,2,0
665652027296,333.1906908195971,381.60048154891547,1.0452517785709805,2.620864177690549,0.0,7,0
623330210743,405.0447029532967,412.1845239493721,1.0626821658330599,2.880112152843662,0.0,10,0
635159010835,434.2757497710623,450.14435654959937,1.0362477244984525,10.424700494629015,0.06501831501831502,5,1
456848294741,319.4455070970696,337.99442207430934,1.0439717500109567,2.848644793151191,0.011160714285714286,7,0
565254289340,349.62836824633695,401.1112111842838,1.059984513811027,1.8803737994481646,0.04218177655677656,10,0
623992423880,366.3627690018315,357.5280791506578,1.0746979234928258,0.775570214033038,0.00011446886446886447,4,0
965696549194,327.1125228937729,375.9005275972255,1.0462889256819292,3.8487116539934925,0.002918956043956044,7,0
314712006945,120.66653788919415,255.6658774611806,1.1891107389907687,0.12359758283662528,0.3697916666666667,6,1
819088955320,378.9559094551282,436.42138908556336,1.0098738294530056,0.15827600369291583,0.3137019230769231,8,1
860801208814,350.6467004349817,407.0667021601883,1.0595160686037506,1.2394315046610391,0.0008012820512820513,10,0
19987809609,357.6456759386447,433.8833369350292,1.0789612640204593,3.401615078263148,0.003376831501831502,10,0
500229314484,392.28354223901096,382.39308558267663,1.092669251461211,1.3501463511862142,0.048820970695970696,10,0
950515999325,457.8134128891941,427.3539342319834,1.0484370195677948,2.445372776539972,0.00034340659340659343,10,0
172772856068,388.1477306547619,390.5528278102746,1.0682285903399196,2.4009347713733096,0.00011446886446886447,10,0
364130371528,290.48735977564104,381.28592224969884,1.0915883407591056,5.686291438079369,0.00034340659340659343,1,1
474877816928,292.1516283195971,355.33194968413113,1.0492625752892015,2.2749254050690166,0.02489697802197802,0,1
376615522224,371.4370163690476,404.8400864846187,1.089611412823475,4.286734930205488,0.010874542124542124,10,0
755200733357,288.62792467948714,387.89998675635036,1.0156178777799763,0.19379704983957866,0.061469780219780217,7,0
429923107993,210.5644774496337,274.8298377435065,1.07464052669984,0.4318215441892923,0.08991529304029304,0,1
978167083900,327.1878233745421,406.01363138369913,1.1013705451238145,2.2056327048726994,0.0,4,0
117528142191,127.86427140567764,234.35014551420932,1.0905655438882738,1.9259334017668928,0.20392628205128205,6,1
885451189626,346.2394030448718,393.3393909770752,1.0839754008845064,2.1082540180146467,0.0017742673992673993,4,0
502666379920,415.9430431547619,421.97277765204456,1.0257822693582817,5.3219155189461596,0.04870650183150183,2,0
438889823686,331.1851390796703,402.52861064796593,1.1178088214140651,0.8439591676215256,0.00011446886446886447,3,0
78746256867,321.64378434065935,423.74739742802643,1.004096326179491,4.893246021726726,0.12419871794871795,1,1
733176370329,404.7793097527472,386.62436683466655,1.0655835624257073,0.6108840844159915,0.020432692307692308,10,0
1704875583,422.39183836996335,399.01795357259755,1.0444882064068413,3.8230319366379257,0.046875,10,0
756106530982,268.9982028388278,343.2926296083958,1.2294913995527512,1.6190494429773785,0.0,11,0
348813764730,335.73163347069595,427.3274859910059,1.0871416261716713,3.776047719597629,0.06965430402930403,10,0
131505931144,334.477446771978,382.9524843683905,1.1298370573007506,2.4317163788353184,0.025240384615384616,3,0
270608097869,389.1895461309524,499.3836021109427,1.041840858101973,11.81619120349769,0.10971840659340659,5,1
136985465680,391.564342948718,465.16735247491374,1.015787524673466,8.247402359357336,0.00022893772893772894,2,0
695799524664,324.3145404075092,364.87254596072626,1.0220152878228563,1.9529831588508795,0.006124084249084249,7,0
601151545360,363.0610433836996,397.19914477676775,1.0338489597596299,3.433472683684246,0.0,7,0
268424487419,259.66694711538463,338.6386654865602,1.169451111895487,2.154243174993593,0.0005151098901098901,11,0
528473190220,220.9832045558608,322.8354174866029,1.1333698507577445,2.031349907651068,0.06398809523809523,11,0
620187022059,365.6865384615385,442.75398176036015,1.0539671041004206,5.637350246290778,0.00017170329670329672,2,0
496816889201,299.80435267857143,373.90680733481713,1.0985776418758437,1.9146172363547125,0.007326007326007326,4,0
787446444604,285.8381953983517,373.6437700199147,1.0936380455047985,1.8969990069766771,0.033997252747252744,4,0
213839656729,258.7358745421246,400.1229026936151,0.9766707087131178,7.406431454786939,0.34706959706959706,8,1
650177016310,339.1169127747253,422.54974761487085,1.0254409823733066,2.535388019625592,0.03365384615384615,7,0
678827882270,341.77611893315014,367.2787570633067,1.0977592438814714,3.466767766755811,0.00034340659340659343,4,0
848612010685,304.78689617673996,357.3877967280779,1.085770358667457,2.125516188389334,0.0015453296703296703,4,0
270398488961,230.9612551510989,314.40279270614946,1.028747165397288,1.1287382167220814,0.23700778388278387,6,1
22788077558,254.05448431776557,367.6604640035696,1.1879279691517548,0.40967183678016195,0.050881410256410256,11,0
977904197322,200.93130151098902,299.3607376200005,1.1763532656845272,2.4073653971850337,0.005036630036630037,11,0
880442713260,282.6109375,321.1791092624991,1.0510762319204847,0.9549958217156099,0.03622939560439561,0,1
419223302917,340.17430746337,401.2743811424158,1.0294722878725535,2.2329983191105622,0.00011446886446886447,7,0
450875280434,288.6591517857143,384.36884303819323,1.0844158256098786,3.0026583219855287,0.0028044871794871795,4,0
54458310448,314.93514480311353,414.47586588402334,1.0063915444696798,2.6648704970087267,0.002690018315018315,7,0
144766234091,295.2394831730769,421.0470834916235,1.0894834998047198,2.9398220220558064,0.0035485347985347985,4,0
170877224237,207.4103737408425,335.9111232617051,1.0299764829383542,1.4431903857580082,0.18675595238095238,8,1
36018865580,176.76576522435897,326.35888588392436,1.156121944679776,0.18965967329825045,0.3858173076923077,6,1
666207655158,325.4364497481685,336.5663720686902,1.031425933755628,0.8279507979506643,0.023809523809523808,7,0
841931536160,277.25813873626373,346.91085638769636,1.0023348372557077,2.368371442923067,0.07028388278388278,0,1
891339182265,326.6461051968864,339.8619753870314,1.0346290300101058,1.2157837208557405,0.017628205128205128,7,0
70468969762,437.3203096382784,424.6885067819276,1.0532243518865196,5.357236135321678,0.04035027472527473,2,0
728535918634,436.6457732371795,498.60512361357405,1.0528653619476727,22.857045752458912,0.0016025641025641025,5,1
872881219073,321.3215888278388,380.24709365181224,1.0841434406171055,0.7632584698575314,0.001201923076923077,4,0
178558518232,318.6737093635531,300.27893640182026,1.034063766937562,1.0668791194106577,0.02197802197802198,0,1
387623659346,342.70648466117217,458.8792602472971,1.057868152952592,2.5421638919811524,0.09769917582417582,10,0
357364882741,319.43188244047616,403.05500741557637,1.1352208561895274,3.2487710317835763,0.0,3,0
489966644023,430.1346783424908,448.23030364926984,1.0107179269732518,3.7448593668584373,0.002461080586080586,2,0
669986972336,316.0002747252747,478.52502599929215,1.061880991232371,10.292940888887617,0.004807692307692308,5,1
9993623468,315.83340201465205,421.87353501856285,1.121311158191008,1.9723875754518705,0.052598443223443224,3,0
100542420872,312.60233230311354,310.95139308022834,1.05150280082763,1.4482998971855776,0.029590201465201464,0,1
576318259050,362.1638850732601,346.7043148582102,1.0327676748438526,3.875938925038296,0.025698260073260072,7,0
233546818593,254.35952667124545,390.6679902058138,0.988288104164422,1.928373358053765,0.18898809523809523,8,1
482711484576,383.50821886446886,439.1531062137014,1.048084785423034,1.9531452426186813,0.0,10,0
761375252872,347.47876602564105,392.7558206856474,1.1119679896762231,1.596391612430934,0.03245192307692308,3,0
833583169738,330.0661429716117,356.5409515050552,0.9934456986210937,2.588928185307994,0.02020375457875458,7,0
512115561842,200.6805374313187,318.3860322878846,1.1147967323018724,0.2872648751287865,0.13707646520146521,11,0
180458287234,274.9200091575092,320.00397722417233,1.1225082100400263,1.7729949198057962,0.041723901098901096,11,0
497991941156,452.9091288919414,375.34342527297946,1.0338325786882852,1.4593838084295825,0.000972985347985348,10,0
806599957916,367.51929372710623,442.65682034399003,1.0619342831327525,3.5248355089712176,0.02461080586080586,10,0
593324656618,226.94515224358975,349.2065915433477,1.0671067368255658,3.4212680584627946,0.15991300366300365,8,1
876746613047,342.1371880723443,419.9302486125757,1.0905263290054037,2.7364647229277477,0.00011446886446886447,10,0
952302704186,352.7048220009158,397.79449756862533,1.0564436458412854,2.801165807195313,0.01636904761904762,10,0
711954092132,137.48521348443222,294.66874639114934,1.0453494573015063,0.82702050996208,0.25618131868131866,6,1
926380538546,403.81336996336995,457.7975605076096,1.097605697531995,2.2702843474391785,0.008127289377289378,10,0
847448212579,329.41583962912085,398.761275904235,1.1029830500169566,2.3353695143476023,0.000744047619047619,4,0
427677700464,395.1264022435897,446.16185174032034,1.0723441476804967,3.555006452886923,0.0,10,0
688581497117,326.8287116529304,419.96060279700663,1.2761411006853944,2.8573464825087913,0.038232600732600736,9,0
857901669557,183.72410714285715,306.6118283615773,0.9956196779904886,0.777979750490118,0.004750457875457875,0,1
961876711247,470.5967261904762,462.60767570370496,1.0389526652696117,2.049517240387193,0.0,2,0
472890523904,358.49362122252745,426.3534414577948,1.0599833312845635,4.821183055410415,0.0010874542124542125,10,0
587216697333,327.51619162087917,379.30440399425856,1.1246984057374385,2.22378824971955,0.049965659340659344,3,0
836642293415,149.2820369734432,288.0863801943493,1.0260121302683392,0.5809334740051989,0.2942422161172161,6,1
677711541818,473.1113123855311,484.64227684965755,1.0544537110479202,5.941668405555849,0.0002861721611721612,2,0
132170026726,347.62660828754576,397.8595918263653,1.0409340638476485,1.2281083963993573,0.00022893772893772894,7,0
834896551443,359.98626945970693,401.4054461578001,1.0543980642591053,2.1412001231856554,0.0190018315018315,10,0
508705675438,317.7850331959707,400.20378506770555,1.1021568779617468,1.308718637797069,0.020089285714285716,4,0
828535486044,337.0459678342491,502.9507109341065,1.0252506784686226,3.369895010867511,0.20661630036630035,8,1
535147169479,373.7897178342491,482.75354370676416,1.089413355721869,3.524951438392561,0.0,10,0
358104386259,296.753663003663,363.9795557880744,1.1527042137592318,1.5332724125932395,0.011618589743589744,11,0
318189040241,289.3062414148352,396.9440950241547,1.1535535721206205,3.220203659791523,0.017170329670329672,3,0
951479349769,329.21844379578755,429.1858912254081,1.1505342341442393,4.366814085030251,0.012362637362637362,3,0
97149691915,333.61752232142857,396.61000844032526,1.0012941170132357,3.4759570693208603,0.05254120879120879,7,0
31942215998,356.07772435897436,418.1533928581792,1.0882001222951347,2.5184466915087196,0.030391483516483516,10,0
401825622584,348.0304716117216,425.22355458994423,1.064698389610214,3.5489536779801303,0.000972985347985348,10,0
181534936703,173.38603479853478,352.3143940693765,1.0462441261427466,1.1486767906677715,0.3384271978021978,6,1
439804089430,408.95386332417587,446.50552573897556,1.006730992484841,4.1414407028014155,0.00641025641025641,2,0
537794905641,414.5039291437729,441.0453326610152,1.0158498418344992,6.056980602189694,0.006524725274725275,2,0
82111636043,339.45638450091576,336.73898825694715,1.0856399221838526,1.12407375951536,0.0,4,0
582816965126,370.2662087912088,425.9507124222326,1.1086461662040419,1.439713846615394,0.0025755494505494505,3,0
655455561190,366.0135473901099,396.012240374648,1.033665218338092,1.7275606388454843,0.0005723443223443224,7,0
767604601191,278.3070741758242,339.8728718765057,1.0250019038910987,1.1409097930981837,0.04218177655677656,0,1
326483884442,339.66328697344323,372.0048734606577,1.03864811344848,0.6043393121989984,0.0013163919413919415,7,0
919329281161,400.04470009157507,412.84679620904683,1.0213964558560942,1.1928621365209513,0.0,10,0
48927645575,306.6635473901099,426.2170278325993,1.0768978081419485,0.9719398512195938,0.051396520146520144,4,0
820741254773,347.9915235805861,439.87471190476043,1.1435509291153374,2.3856609673825657,0.05299908424908425,3,0
885139960564,407.5526156135531,397.1057987742706,1.086452306264664,1.1011403047649269,0.0,10,0
243204890474,353.8992273351648,445.74833132424135,1.020345855512484,2.751999717443992,0.00434981684981685,10,0
933223237175,309.1306347298535,344.94909253453915,1.0513995151684998,0.8480831021105038,0.001717032967032967,0,1
850961275723,425.1448746565934,411.97791339002833,1.0586952077812206,2.150825227292407,0.0,10,0
328777673639,339.7023637820513,333.49196297482763,1.0622996732801882,0.8134477927625995,0.006753663003663004,4,0
119371042139,251.4480683379121,334.6007802107467,1.0724546830717356,0.7010984373173749,0.0028617216117216115,0,1
837966292495,431.60275011446885,416.9247856405575,1.0237743683752842,1.3117007439817727,0.034340659340659344,10,0
691676578586,376.7066706730769,409.9313835151682,1.0299066881875647,4.061700639086286,0.09684065934065934,1,1
293928641167,247.06030792124542,342.4030045798047,1.08578287766287,2.032903178789965,0.00950091575091575,0,1
407542367671,190.15711996336998,278.3864524386822,1.1009389780953347,0.7831611563664236,0.07497710622710622,0,1
873655333875,213.62159168956046,354.4825851328942,1.1341965503423155,0.9882610661350495,0.05723443223443223,11,0
177594029577,308.2482057005495,371.1042610102921,1.0033201681307808,4.309947371694934,0.01694139194139194,7,0
910950270213,282.11937099358977,333.4598270070056,1.0715086020633489,2.100170914812108,0.00034340659340659343,0,1
277140144361,363.40861378205125,438.7670468453385,1.094476180491124,2.883619057742887,0.0006295787545787546,10,0
380122412541,348.41940819597073,400.4032525848612,1.1284993786278523,1.7587654438398497,0.0009157509157509158,3,0
915981024333,354.4163833562271,485.87027804303204,1.0740740486852371,5.565648382998604,0.0034913003663003665,2,0
998369588873,336.59251373626375,388.7527023376507,1.0440432186458781,1.2158867331157674,0.002403846153846154,7,0
152750931257,448.2824233058608,463.93868865186533,1.1046682235622354,1.5609661814220595,0.0008012820512820513,10,0
793569630032,306.6036372481685,366.40860797970277,1.0149277411672293,1.6502476485035125,0.002918956043956044,7,0
228717553522,369.48505322802197,483.69747423334087,1.0429196759299586,11.872321958053412,0.07388965201465202,5,1
143987990888,273.67931261446887,288.07167604267613,1.0422713873567062,1.2252984170878998,0.0,0,1
978339260259,369.9392971611722,397.169173192732,1.075799499782627,4.772047859915039,0.01076007326007326,10,0
937959014695,370.3522578983517,400.89908720909676,1.0468225018212207,4.380203251056593,0.004521520146520147,10,0
974722218596,362.28799793956046,344.709917217942,1.0112641930172752,2.5180124628678167,0.0002861721611721612,7,0
550699097107,274.8257011217949,378.408958099865,1.1067668708684264,2.5864412501464074,0.0010302197802197802,4,0
345729437956,416.69825434981686,495.64920717998245,1.0931120512400567,3.585021236770054,0.0,2,0
817880574087,314.45873683608056,404.81582469842664,1.1011778106902161,3.0595935596239294,0.06043956043956044,4,0
83170364647,262.13768315018314,340.5489519509839,1.094392457283475,1.4874337579846697,5.7234432234432234e-05,0,1
281544600039,282.62643372252745,401.8159591475973,1.1458197000132075,0.9774149562788569,0.0,3,0
66912773345,377.7373311584249,398.01658310108013,1.0044968920166129,2.0714811673410343,0.0,7,0
101600564162,283.7153588598901,321.8870828202657,1.0739862082596556,0.9517001504311539,0.0,0,1
530326467339,362.85003147893775,429.3107758671195,1.0103435135702687,2.4501434239613262,0.035199175824175824,10,0
621743044608,350.92092204670325,386.45966777209594,1.0379482571525769,0.965072455789445,0.00011446886446886447,7,0
876397394110,388.2025383470696,452.5784486737455,1.0850334803296426,2.9512749284057302,0.0,10,0
239838262265,427.4984518086081,475.70582343133975,1.04205504639523,4.338299939093369,0.001488095238095238,2,0
300138891975,467.2421646062271,512.7139793338338,1.0585515559910252,4.043066889858732,0.021405677655677656,2,0
85744937287,303.2003491300366,394.3893897061305,1.063703781865321,10.224961830366881,0.002461080586080586,1,1
507301153924,365.31120364010985,447.79069886429835,1.0580804666302397,5.576254826011926,0.0,2,0
870494197125,325.5393257783883,372.8222115448178,1.0360384746638005,0.7237063664872015,0.00434981684981685,7,0
818376322112,249.9138936584249,330.9772884178712,1.1000715176067297,0.9400928203408861,0.03869047619047619,0,1
602720394896,305.55941506410255,332.295172475065,1.098981738183795,2.2858344282093888,0.00011446886446886447,4,0
859279459691,366.0182577838828,474.0673350402063,1.05640081996873,7.271016697070956,0.0,2,0
944173446468,255.04383012820512,386.9693721952223,1.1029288469945533,8.764852079236888,0.18938873626373626,1,1
811748983541,263.2455414377289,343.0078700480876,1.1027082689095002,0.6949597318998201,0.0,11,0
406748544686,356.41412545787546,382.5999048010707,1.0847825294173004,0.9162935547790905,0.006066849816849817,4,0
59063557811,303.53191964285713,429.27465334549004,1.086763092736014,4.523592082094783,0.0,10,0
659061858032,312.7848586309524,388.3569308158613,1.1646476609577288,2.4044808220654734,0.0,3,0
121193698086,356.2589428800366,459.41749113283436,1.1125056570728453,0.7200986075806591,0.039033882783882784,3,0
760993038779,348.8514451694139,426.4366563418503,1.0799289053250711,2.993636665793431,0.010016025641025642,10,0
492043935205,350.66988038003666,380.11619907649015,1.033506422920244,3.803894515440117,0.1516712454212454,8,1
392135992002,298.04025583791207,385.1270191563293,1.0695824617054466,1.5814581955386013,0.015510531135531136,4,0
14953875748,302.67562099358975,355.7459030911722,1.030115588567295,2.136500782807996,0.000972985347985348,7,0
846292610674,283.8954441391941,383.1306787171484,1.1542712698491964,1.567598046374643,0.0,3,0
251564398795,404.62198374542123,409.7873505105209,1.0883599101021595,1.5020016993842047,0.0,10,0
755491831973,269.0005952380953,289.1000071743942,1.053770456217595,0.7825402749284064,0.0028044871794871795,0,1
273380085085,391.4874771062271,431.1678233309674,1.0629280474572596,1.637688992737588,0.00921474358974359,10,0
395209611171,341.20426682692306,370.7326798622292,1.0801275351361028,4.519183696813566,0.00034340659340659343,4,0
959328834899,437.0555631868132,468.34756517304555,1.039578098090496,4.02733793481302,0.0260989010989011,2,0
214232158072,322.6305689102564,401.72343590712336,1.0432352343619202,11.231968397979058,0.0,5,1
530839250387,357.4972040979854,430.5986605448839,1.0285808670930363,1.2669511090136978,0.0243246336996337,10,0
960918250329,352.10611836080585,385.3656892886386,1.0464235216882996,2.0976558711841222,5.7234432234432234e-05,7,0
151813025565,290.7897235576923,392.8457090192107,1.106195624356784,2.54155465012261,0.06971153846153846,4,0
574397327438,295.8674851190476,379.7818148352912,1.0896429543875228,2.7841413438016263,0.05374313186813187,4,0
114101258104,354.08308436355316,385.94780786300356,1.0394584229664678,3.0727608966170155,0.00011446886446886447,7,0
851654668471,327.29310325091575,362.68116745360896,1.0400228058980117,1.4847046015651202,0.007211538461538462,7,0
999957685783,275.643595467033,358.0012930992837,1.056709009017995,1.812018485940107,0.0,0,1
245599652122,385.2124141483516,407.1851668017667,1.0384614570154134,4.021671581896343,0.0008012820512820513,10,0
979935211716,423.8307864010989,415.9096992738098,1.120777937716182,1.3961892389132513,0.0,10,0
505727036961,241.99998855311355,365.8782677439054,1.2736028567961948,2.7381122800211957,0.0,9,0
649759679802,279.5370478479853,342.6274557068529,1.0591103991441886,0.9560325160483649,0.01488095238095238,0,1
318504977874,284.75956387362635,425.7078918896094,1.0695747486429552,1.1661310334769723,0.08464972527472528,4,0
451115621158,367.82312557234434,451.87177167622633,1.0785234279710563,2.17353652263239,5.7234432234432234e-05,10,0
215897992736,363.1594007554945,425.8074716013412,1.1446290306301758,1.3383989755779173,0.06524725274725275,3,0
967370695976,358.70524553571425,372.69523549793325,1.057999582793524,1.1890551676735195,0.0004578754578754579,7,0
390364612633,327.96296932234435,430.73023559339276,1.055379677055862,14.04346752069138,0.0027472527472527475,5,1
124670810391,344.68360519688645,428.8214361546423,1.1073542841042914,2.254816558550585,0.0,3,0
768636443453,335.0233630952381,411.22518109116106,1.0729443503293565,2.751629022489843,0.016540750915750916,10,0
494622515995,331.2582331730769,444.0668782025862,1.072965869774534,5.1133561533239895,0.004635989010989011,10,0
745536967686,301.0174622252747,425.14368838241944,1.0569342153107715,1.6425493536028737,0.00022893772893772894,4,0
527513524145,295.97104510073257,353.840329337807,1.0496758526184036,1.0771067415431566,0.04664606227106227,0,1
370551363246,345.73684752747255,430.6807244709277,1.1184035551100342,2.6654281704436595,0.08213141025641026,3,0
820020964462,289.3756581959707,352.3438629137078,1.0869710640321686,2.5434029233641726,0.013163919413919414,4,0
569476192672,231.43147607600733,355.2787912928557,1.0495862138857808,1.0793539555424851,0.19453983516483517,8,1
104075647879,182.77584420787545,317.56838821872907,1.039629218279803,0.03431824525852344,0.14022435897435898,0,1
113055822962,307.1529676053114,383.9292659480694,1.0504324688289255,1.648656792421339,0.001201923076923077,7,0
424879169408,446.06612866300367,467.1621334522463,1.164316690571615,3.1814097557929197,0.0025183150183150185,3,0
788733311230,291.7274582188645,411.4895598135167,1.0791783147435443,2.817661153631244,0.0,4,0
727941794770,411.4162402701465,404.1094836308858,1.0508108297995502,1.9467689829427963,0.00034340659340659343,10,0
282084662316,284.69737293956047,328.21093279171464,1.032357071963047,0.7447317802571305,0.027644230769230768,0,1
63731311654,220.0148695054945,365.1833268037138,1.0768541578570685,2.4814985223456625,0.11527014652014653,0,1
204732711941,373.1281736492674,379.4717095056643,1.0622317884894679,1.9805870174867686,5.7234432234432234e-05,7,0
192259607253,270.5824690934066,289.02272893495723,1.0645452326163611,1.7278743126004303,0.06519001831501832,0,1
803138688295,330.15701980311354,342.15629543705955,1.0716234098991853,2.5993738237724955,0.029819139194139196,4,0
777953998828,313.07123111263735,392.5097678843137,1.1169139017379368,1.2053163383381396,0.003147893772893773,3,0
819168377451,242.8132554945055,326.5186731868071,1.062623576451295,2.179105073534699,0.06456043956043957,0,1
590496609767,418.60992158882783,429.17919868615087,1.0530960839931351,4.3511466362406805,0.01127518315018315,2,0
996032197768,454.45074977106225,431.1591906253472,1.0483873919759499,3.4834798230440245,0.0,2,0
939841669155,293.7172590430403,373.2004744199359,1.0727136611855936,1.731464811378413,0.041437728937728936,4,0
901706045162,376.2156994047619,374.7102950478557,1.1317810923510763,1.7351629033735456,0.03250915750915751,3,0
444498141205,325.7383756868132,356.8180847155224,1.0233786062083516,2.5287495130761757,0.04664606227106227,7,0
711466802054,377.6451007326007,425.12982646694877,1.01635618236078,2.63700406253189,0.023695054945054944,10,0
341383495960,244.80148809523808,325.0082261104402,1.0791329588370548,4.109717183885491,0.08453525641025642,0,1
403823963742,507.47600160256405,480.03563323353023,1.0329909880900356,3.0159275860564883,0.0023466117216117215,2,0
810601431356,374.6376488095238,492.5733347732313,1.068515999415838,7.08597577295769,0.02283653846153846,2,0
450696627196,342.4759014423077,351.4676262797925,1.1290335679260486,1.460466667521137,0.004578754578754579,4,0
247270405515,309.09858058608063,389.0783742433698,1.1871564211254917,2.6423778407685057,0.0,3,0
816622139539,429.13282394688645,444.2398643970825,1.1573586589062292,0.602439222627768,0.00011446886446886447,3,0
132158257663,264.1568023122711,358.46866978606664,1.0627756847642746,6.001168043072905,0.06742216117216117,1,1
966872552100,327.4479252518315,457.62800894362266,1.0688934443945688,4.493884214140735,0.1070856227106227,1,1
961387049530,308.8778245192307,359.7655291180557,1.075965673867323,2.4978510302862564,0.0013163919413919415,4,0
593948855549,288.3159426510989,379.7614620808363,1.075083342098253,1.1959384615489572,0.00011446886446886447,4,0
261327986536,307.6933321886447,377.6674132278386,1.0281831057116537,2.054190786763356,0.038747710622710624,7,0
557510439545,369.20036057692306,427.8979941592546,1.0293158901161281,2.314832765047704,0.008012820512820512,10,0
206736356689,378.58057177197804,433.6487663190717,1.0771005033091778,3.2646407773256763,0.0,10,0
740636461664,355.7207560668498,449.7502535294306,1.1169546428302,1.8517103041546332,0.0010302197802197802,3,0
631764704701,324.65717147435896,358.51315151297075,1.0543606410975954,1.3771933009133468,0.0,7,0
543083371030,288.2192851419414,414.9071867562263,1.0839263353599233,2.3150105489154966,0.010073260073260074,4,0
330748533778,464.0822516025641,483.6469649347391,1.0669576965221026,5.003136760235554,0.008413461538461538,2,0
635315346916,379.12048992673994,410.4790555416015,1.0465191615982357,6.662055667743765,0.0,1,1
718268169857,319.2679830586081,342.9963744346586,1.0799219117157286,2.9773206553296943,0.0,4,0
897353501656,364.80023179945056,372.34909284763086,1.1007054785738934,2.51267313104797,0.05008012820512821,4,0
884554603261,364.1051682692308,351.35125091300495,1.0299329128800674,4.261681537980303,0.024210164835164836,7,0
374414805337,263.8078582875458,362.4185790497619,1.1352688257852996,2.4703845870340677,0.005036630036630037,11,0
652263958710,360.50713427197803,362.39594879954967,1.221755851809627,1.320490215026635,5.7234432234432234e-05,3,0
846756883124,307.89735004578756,382.5804696022009,1.1065648629762892,2.5800547324794363,0.05872252747252747,4,0
748548747258,345.5007583562271,386.88459254762824,1.0270032756749492,3.7041947997570546,0.0016025641025641025,7,0
298144869436,241.54249942765566,344.01336136224495,1.0397709186180453,0.7178472794217777,0.0,0,1
964935816810,276.6166523580586,333.03847960348395,1.073063759788798,2.209663340034967,0.004807692307692308,0,1
318315634437,311.0469551282051,381.35545002430104,1.1743423562621371,2.09001467334095,0.0034913003663003665,3,0
799406950356,326.6891998626374,368.24311788928065,1.0569997880814717,1.3087821040468781,0.024839743589743588,4,0
228804090907,339.52093921703295,380.46332260152775,1.0256691294217786,3.2949470167172246,0.0,7,0
556873722359,341.4267084478022,408.6651080425079,1.1450601966632588,1.835980413672813,0.008814102564102564,3,0
456438082734,309.65289892399267,349.7083922457419,1.0864734602178208,2.67304672878318,0.00434981684981685,4,0
522699594880,385.2225589514652,444.44753606909745,1.070773936366309,3.6354918712738864,0.023981227106227108,10,0
922574297624,448.1329355540293,462.17025653908524,1.003368846109097,3.3983647635433427,0.02741529304029304,2,0
505685300811,476.2036143543956,472.33340583387474,1.0684500930863594,3.606301660889743,5.7234432234432234e-05,2,0
110795159055,253.07354910714284,363.3444189687412,1.273515284961843,4.350334551356356,0.08762591575091574,9,0
743056316867,268.1839085393773,357.95449426926854,1.1006761231143174,4.105561711625815,0.046417124542124544,4,0
624179141101,294.19412202380954,332.1043086324261,1.0380043223315492,2.507962257552359,0.011103479853479854,0,1
97609846811,285.70581501831504,345.7680453076446,1.083665188205459,1.0693681895818146,0.09575320512820513,0,1
95811811353,327.83882211538463,417.83346769339005,1.0984157403648782,1.4010021128789447,0.0016597985347985348,4,0
636003157709,186.21220524267397,306.63828005357544,1.1508439387172869,0.30944270070791735,0.12385531135531136,11,0
597355425293,394.75184008699637,395.18914781241097,1.0459743977134666,1.4413700277485515,0.0009157509157509158,10,0
752185453913,353.8931032509157,370.5397703393283,1.1828749608546207,2.1869545358807874,0.03943452380952381,3,0
87845969811,323.1038232600733,447.1380329562373,1.2065414773276673,4.494429998445649,0.0,9,0
402732521602,412.9412631639194,464.7419423902322,1.0391503792709975,5.998401676990182,0.00022893772893772894,2,0
758839222703,365.8763736263736,437.7857607280155,1.0419865271275546,6.338379383083223,0.09609661172161173,1,1
621818987245,284.89586195054943,344.1723338526067,1.0836784751798778,3.1084160962230345,0.010588369963369964,4,0
97179492640,349.07787030677656,408.17539577517266,1.0119213168555048,6.746958494335191,0.0,1,1
963207341397,271.41388221153846,322.3242062848363,0.9981002615638596,2.4594586236603253,0.00017170329670329672,0,1
714130684131,319.5658424908425,342.1444886232019,1.0831967037162593,1.5460149141565942,0.0,4,0
424388231333,427.1785313644689,432.94101113078364,1.0291394524948256,4.779334129426058,0.016140109890109892,2,0
630132392663,398.75585222069594,401.0561279385843,1.0944245959374646,4.2235991181742545,0.06524725274725275,10,0
704732935585,299.8181003891941,377.68600599233963,1.0966895456109047,2.361230347710312,0.017170329670329672,4,0
624234612968,310.4292410714286,360.37264242658756,1.1096315390058638,1.7774319070784197,0.005494505494505495,4,0
989609090547,334.31569654304025,383.9323142119643,1.0269698381669614,2.545871334737941,0.0005723443223443224,7,0
206916721916,342.5484575320513,351.45698536156186,1.0877368207616485,2.607994872421159,0.04544413919413919,4,0
581115248494,400.1791466346154,441.2157910763094,1.08997985698624,3.2920940643793215,0.0,10,0
269909755081,336.2957904075092,343.7416949313688,1.1596081999650982,1.4907944097071932,0.022378663003663004,3,0
957360523704,343.29886961996334,326.7491643277503,1.07104427246675,1.3207975660053872,0.00011446886446886447,4,0
